00:00,01:00,02:00,03:00,04:00,05:00,06:00,07:00,08:00,09:00,10:00,11:00,12:00,13:00,14:00,15:00,16:00,17:00,18:00,19:00,20:00,21:00,22:00,23:00
0.0,0.0,0.0,0.0,0.0,0.0,0.0,0.007,0.161,0.326,0.423,0.425,0.359,0.271,0.139,0.003,0.0,0.0,0.0,0.0,0.0,0.0,0.0,0.0
0.0,0.0,0.0,0.0,0.0,0.0,0.0,0.003,0.045,0.097,0.128,0.153,0.121,0.079,0.044,0.0,0.0,0.0,0.0,0.0,0.0,0.0,0.0,0.0
0.0,0.0,0.0,0.0,0.0,0.0,0.0,0.003,0.059,0.076,0.114,0.155,0.117,0.036,0.015,0.0,0.0,0.0,0.0,0.0,0.0,0.0,0.0,0.0
0.0,0.0,0.0,0.0,0.0,0.0,0.0,0.0,0.01,0.03,0.038,0.036,0.04,0.036,0.013,0.0,0.0,0.0,0.0,0.0,0.0,0.0,0.0,0.0
0.0,0.0,0.0,0.0,0.0,0.0,0.0,0.0,0.021,0.053,0.077,0.085,0.069,0.052,0.023,0.0,0.0,0.0,0.0,0.0,0.0,0.0,0.0,0.0
0.0,0.0,0.0,0.0,0.0,0.0,0.0,0.01,0.126,0.255,0.298,0.337,0.341,0.3,0.15,0.004,0.0,0.0,0.0,0.0,0.0,0.0,0.0,0.0
0.0,0.0,0.0,0.0,0.0,0.0,0.0,0.003,0.028,0.052,0.079,0.083,0.077,0.058,0.015,0.0,0.0,0.0,0.0,0.0,0.0,0.0,0.0,0.0
0.0,0.0,0.0,0.0,0.0,0.0,0.0,0.006,0.098,0.204,0.236,0.218,0.165,0.093,0.035,0.0,0.0,0.0,0.0,0.0,0.0,0.0,0.0,0.0
0.0,0.0,0.0,0.0,0.0,0.0,0.0,0.008,0.107,0.228,0.284,0.299,0.277,0.198,0.07,0.001,0.0,0.0,0.0,0.0,0.0,0.0,0.0,0.0
0.0,0.0,0.0,0.0,0.0,0.0,0.0,0.001,0.028,0.059,0.081,0.061,0.034,0.019,0.005,0.0,0.0,0.0,0.0,0.0,0.0,0.0,0.0,0.0
0.0,0.0,0.0,0.0,0.0,0.0,0.0,0.001,0.028,0.075,0.16,0.236,0.138,0.041,0.006,0.0,0.0,0.0,0.0,0.0,0.0,0.0,0.0,0.0
0.0,0.0,0.0,0.0,0.0,0.0,0.0,0.0,0.004,0.01,0.011,0.018,0.018,0.01,0.001,0.0,0.0,0.0,0.0,0.0,0.0,0.0,0.0,0.0
0.0,0.0,0.0,0.0,0.0,0.0,0.0,0.004,0.047,0.097,0.152,0.19,0.176,0.167,0.096,0.006,0.0,0.0,0.0,0.0,0.0,0.0,0.0,0.0
0.0,0.0,0.0,0.0,0.0,0.0,0.0,0.005,0.063,0.143,0.267,0.346,0.258,0.15,0.064,0.004,0.0,0.0,0.0,0.0,0.0,0.0,0.0,0.0
0.0,0.0,0.0,0.0,0.0,0.0,0.0,0.005,0.061,0.16,0.242,0.282,0.225,0.166,0.101,0.009,0.0,0.0,0.0,0.0,0.0,0.0,0.0,0.0
0.0,0.0,0.0,0.0,0.0,0.0,0.0,0.002,0.049,0.165,0.43,0.493,0.405,0.278,0.09,0.002,0.0,0.0,0.0,0.0,0.0,0.0,0.0,0.0
0.0,0.0,0.0,0.0,0.0,0.0,0.0,0.034,0.223,0.408,0.506,0.525,0.504,0.397,0.19,0.016,0.0,0.0,0.0,0.0,0.0,0.0,0.0,0.0
0.0,0.0,0.0,0.0,0.0,0.0,0.0,0.03,0.124,0.219,0.33,0.413,0.44,0.379,0.214,0.029,0.0,0.0,0.0,0.0,0.0,0.0,0.0,0.0
0.0,0.0,0.0,0.0,0.0,0.0,0.0,0.063,0.298,0.478,0.578,0.608,0.567,0.453,0.259,0.043,0.0,0.0,0.0,0.0,0.0,0.0,0.0,0.0
0.0,0.0,0.0,0.0,0.0,0.0,0.0,0.059,0.276,0.498,0.598,0.622,0.576,0.465,0.27,0.046,0.0,0.0,0.0,0.0,0.0,0.0,0.0,0.0
0.0,0.0,0.0,0.0,0.0,0.0,0.0,0.025,0.129,0.255,0.515,0.597,0.514,0.362,0.173,0.023,0.0,0.0,0.0,0.0,0.0,0.0,0.0,0.0
0.0,0.0,0.0,0.0,0.0,0.0,0.0,0.024,0.108,0.204,0.245,0.228,0.189,0.118,0.049,0.004,0.0,0.0,0.0,0.0,0.0,0.0,0.0,0.0
0.0,0.0,0.0,0.0,0.0,0.0,0.0,0.029,0.12,0.197,0.221,0.218,0.18,0.134,0.063,0.007,0.0,0.0,0.0,0.0,0.0,0.0,0.0,0.0
0.0,0.0,0.0,0.0,0.0,0.0,0.0,0.017,0.082,0.155,0.178,0.196,0.161,0.086,0.029,0.003,0.0,0.0,0.0,0.0,0.0,0.0,0.0,0.0
0.0,0.0,0.0,0.0,0.0,0.0,0.0,0.0,0.013,0.029,0.04,0.041,0.049,0.048,0.025,0.001,0.0,0.0,0.0,0.0,0.0,0.0,0.0,0.0
0.0,0.0,0.0,0.0,0.0,0.0,0.0,0.005,0.061,0.229,0.352,0.34,0.174,0.061,0.026,0.002,0.0,0.0,0.0,0.0,0.0,0.0,0.0,0.0
0.0,0.0,0.0,0.0,0.0,0.0,0.0,0.005,0.023,0.041,0.056,0.07,0.074,0.056,0.025,0.002,0.0,0.0,0.0,0.0,0.0,0.0,0.0,0.0
0.0,0.0,0.0,0.0,0.0,0.0,0.0,0.058,0.169,0.251,0.288,0.446,0.354,0.277,0.142,0.029,0.0,0.0,0.0,0.0,0.0,0.0,0.0,0.0
0.0,0.0,0.0,0.0,0.0,0.0,0.0,0.008,0.042,0.113,0.236,0.265,0.175,0.121,0.058,0.007,0.0,0.0,0.0,0.0,0.0,0.0,0.0,0.0
0.0,0.0,0.0,0.0,0.0,0.0,0.0,0.016,0.04,0.069,0.18,0.328,0.282,0.147,0.088,0.016,0.0,0.0,0.0,0.0,0.0,0.0,0.0,0.0
0.0,0.0,0.0,0.0,0.0,0.0,0.0,0.004,0.021,0.043,0.063,0.088,0.097,0.045,0.023,0.004,0.0,0.0,0.0,0.0,0.0,0.0,0.0,0.0
0.0,0.0,0.0,0.0,0.0,0.0,0.0,0.032,0.122,0.223,0.303,0.297,0.232,0.185,0.11,0.023,0.0,0.0,0.0,0.0,0.0,0.0,0.0,0.0
0.0,0.0,0.0,0.0,0.0,0.0,0.0,0.02,0.068,0.126,0.186,0.235,0.229,0.123,0.077,0.02,0.0,0.0,0.0,0.0,0.0,0.0,0.0,0.0
0.0,0.0,0.0,0.0,0.0,0.0,0.0,0.067,0.24,0.516,0.605,0.64,0.57,0.388,0.192,0.035,0.0,0.0,0.0,0.0,0.0,0.0,0.0,0.0
0.0,0.0,0.0,0.0,0.0,0.0,0.0,0.093,0.211,0.306,0.39,0.396,0.321,0.272,0.158,0.041,0.0,0.0,0.0,0.0,0.0,0.0,0.0,0.0
0.0,0.0,0.0,0.0,0.0,0.0,0.0,0.061,0.151,0.212,0.251,0.291,0.329,0.343,0.297,0.103,0.0,0.0,0.0,0.0,0.0,0.0,0.0,0.0
0.0,0.0,0.0,0.0,0.0,0.0,0.0,0.061,0.105,0.063,0.092,0.129,0.127,0.102,0.045,0.011,0.0,0.0,0.0,0.0,0.0,0.0,0.0,0.0
0.0,0.0,0.0,0.0,0.0,0.0,0.0,0.023,0.043,0.082,0.122,0.143,0.171,0.138,0.083,0.028,0.0,0.0,0.0,0.0,0.0,0.0,0.0,0.0
0.0,0.0,0.0,0.0,0.0,0.0,0.0,0.069,0.177,0.224,0.271,0.276,0.17,0.146,0.093,0.038,0.0,0.0,0.0,0.0,0.0,0.0,0.0,0.0
0.0,0.0,0.0,0.0,0.0,0.0,0.0,0.008,0.026,0.038,0.046,0.055,0.09,0.036,0.014,0.004,0.0,0.0,0.0,0.0,0.0,0.0,0.0,0.0
0.0,0.0,0.0,0.0,0.0,0.0,0.0,0.045,0.174,0.369,0.514,0.513,0.474,0.368,0.183,0.045,0.0,0.0,0.0,0.0,0.0,0.0,0.0,0.0
0.0,0.0,0.0,0.0,0.0,0.0,0.0,0.045,0.13,0.166,0.186,0.19,0.184,0.184,0.158,0.066,0.0,0.0,0.0,0.0,0.0,0.0,0.0,0.0
0.0,0.0,0.0,0.0,0.0,0.0,0.003,0.128,0.336,0.554,0.636,0.638,0.558,0.409,0.251,0.098,0.0,0.0,0.0,0.0,0.0,0.0,0.0,0.0
0.0,0.0,0.0,0.0,0.0,0.0,0.002,0.059,0.134,0.232,0.327,0.351,0.315,0.277,0.222,0.098,0.0,0.0,0.0,0.0,0.0,0.0,0.0,0.0
0.0,0.0,0.0,0.0,0.0,0.0,0.011,0.244,0.449,0.589,0.663,0.678,0.641,0.546,0.39,0.169,0.002,0.0,0.0,0.0,0.0,0.0,0.0,0.0
0.0,0.0,0.0,0.0,0.0,0.0,0.008,0.183,0.433,0.597,0.671,0.686,0.646,0.549,0.391,0.171,0.003,0.0,0.0,0.0,0.0,0.0,0.0,0.0
0.0,0.0,0.0,0.0,0.0,0.0,0.015,0.216,0.411,0.565,0.639,0.655,0.622,0.537,0.391,0.181,0.006,0.0,0.0,0.0,0.0,0.0,0.0,0.0
0.0,0.0,0.0,0.0,0.0,0.0,0.002,0.083,0.24,0.504,0.661,0.676,0.637,0.541,0.386,0.174,0.006,0.0,0.0,0.0,0.0,0.0,0.0,0.0
0.0,0.0,0.0,0.0,0.0,0.0,0.001,0.026,0.1,0.212,0.272,0.375,0.523,0.5,0.352,0.159,0.007,0.0,0.0,0.0,0.0,0.0,0.0,0.0
0.0,0.0,0.0,0.0,0.0,0.0,0.004,0.043,0.087,0.176,0.384,0.508,0.427,0.272,0.178,0.089,0.004,0.0,0.0,0.0,0.0,0.0,0.0,0.0
0.0,0.0,0.0,0.0,0.0,0.0,0.002,0.023,0.052,0.112,0.211,0.308,0.467,0.35,0.251,0.13,0.006,0.0,0.0,0.0,0.0,0.0,0.0,0.0
0.0,0.0,0.0,0.0,0.0,0.0,0.005,0.067,0.165,0.298,0.249,0.375,0.415,0.354,0.301,0.09,0.004,0.0,0.0,0.0,0.0,0.0,0.0,0.0
0.0,0.0,0.0,0.0,0.0,0.0,0.046,0.305,0.504,0.635,0.692,0.653,0.583,0.405,0.195,0.071,0.005,0.0,0.0,0.0,0.0,0.0,0.0,0.0
0.0,0.0,0.0,0.0,0.0,0.0,0.055,0.312,0.504,0.631,0.699,0.711,0.67,0.576,0.426,0.219,0.024,0.0,0.0,0.0,0.0,0.0,0.0,0.0
0.0,0.0,0.0,0.0,0.0,0.0,0.051,0.289,0.482,0.613,0.681,0.696,0.66,0.571,0.426,0.223,0.028,0.0,0.0,0.0,0.0,0.0,0.0,0.0
0.0,0.0,0.0,0.0,0.0,0.0,0.053,0.297,0.49,0.618,0.683,0.695,0.658,0.57,0.428,0.229,0.032,0.0,0.0,0.0,0.0,0.0,0.0,0.0
0.0,0.0,0.0,0.0,0.0,0.0,0.073,0.317,0.507,0.635,0.698,0.709,0.672,0.584,0.442,0.243,0.038,0.0,0.0,0.0,0.0,0.0,0.0,0.0
0.0,0.0,0.0,0.0,0.0,0.0,0.053,0.201,0.459,0.595,0.659,0.626,0.405,0.401,0.336,0.15,0.012,0.0,0.0,0.0,0.0,0.0,0.0,0.0
0.0,0.0,0.0,0.0,0.0,0.0,0.001,0.033,0.103,0.233,0.375,0.3,0.224,0.163,0.083,0.039,0.004,0.0,0.0,0.0,0.0,0.0,0.0,0.0
0.0,0.0,0.0,0.0,0.0,0.0,0.012,0.065,0.136,0.22,0.357,0.454,0.367,0.267,0.175,0.07,0.008,0.0,0.0,0.0,0.0,0.0,0.0,0.0
0.0,0.0,0.0,0.0,0.0,0.0,0.015,0.07,0.117,0.171,0.301,0.24,0.138,0.101,0.076,0.076,0.012,0.0,0.0,0.0,0.0,0.0,0.0,0.0
0.0,0.0,0.0,0.0,0.0,0.0,0.021,0.064,0.183,0.477,0.6,0.539,0.374,0.202,0.06,0.02,0.007,0.0,0.0,0.0,0.0,0.0,0.0,0.0
0.0,0.0,0.0,0.0,0.0,0.0,0.018,0.055,0.12,0.166,0.151,0.111,0.092,0.109,0.135,0.097,0.015,0.0,0.0,0.0,0.0,0.0,0.0,0.0
0.0,0.0,0.0,0.0,0.0,0.0,0.028,0.219,0.464,0.584,0.631,0.576,0.493,0.4,0.226,0.104,0.02,0.0,0.0,0.0,0.0,0.0,0.0,0.0
0.0,0.0,0.0,0.0,0.0,0.0,0.019,0.078,0.327,0.428,0.282,0.366,0.432,0.456,0.346,0.172,0.035,0.0,0.0,0.0,0.0,0.0,0.0,0.0
0.0,0.0,0.0,0.0,0.0,0.0,0.015,0.061,0.102,0.201,0.275,0.314,0.393,0.396,0.323,0.184,0.029,0.0,0.0,0.0,0.0,0.0,0.0,0.0
0.0,0.0,0.0,0.0,0.0,0.0,0.005,0.036,0.077,0.143,0.209,0.204,0.102,0.155,0.118,0.039,0.012,0.0,0.0,0.0,0.0,0.0,0.0,0.0
0.0,0.0,0.0,0.0,0.0,0.0,0.001,0.011,0.028,0.103,0.294,0.46,0.394,0.294,0.199,0.097,0.034,0.0,0.0,0.0,0.0,0.0,0.0,0.0
0.0,0.0,0.0,0.0,0.0,0.0,0.021,0.065,0.193,0.285,0.208,0.176,0.254,0.311,0.268,0.174,0.04,0.0,0.0,0.0,0.0,0.0,0.0,0.0
0.0,0.0,0.0,0.0,0.0,0.0,0.043,0.264,0.487,0.618,0.661,0.661,0.489,0.288,0.216,0.164,0.042,0.0,0.0,0.0,0.0,0.0,0.0,0.0
0.0,0.0,0.0,0.0,0.0,0.0,0.03,0.088,0.296,0.515,0.531,0.498,0.508,0.44,0.188,0.059,0.009,0.0,0.0,0.0,0.0,0.0,0.0,0.0
0.0,0.0,0.0,0.0,0.0,0.0,0.012,0.028,0.051,0.071,0.071,0.075,0.118,0.126,0.101,0.042,0.008,0.0,0.0,0.0,0.0,0.0,0.0,0.0
0.0,0.0,0.0,0.0,0.0,0.0,0.01,0.029,0.041,0.056,0.095,0.132,0.173,0.13,0.088,0.054,0.008,0.0,0.0,0.0,0.0,0.0,0.0,0.0
0.0,0.0,0.0,0.0,0.0,0.0,0.009,0.033,0.124,0.217,0.364,0.341,0.326,0.277,0.199,0.092,0.026,0.0,0.0,0.0,0.0,0.0,0.0,0.0
0.0,0.0,0.0,0.0,0.0,0.001,0.1,0.214,0.321,0.214,0.208,0.151,0.139,0.164,0.15,0.11,0.032,0.0,0.0,0.0,0.0,0.0,0.0,0.0
0.0,0.0,0.0,0.0,0.0,0.0,0.033,0.106,0.191,0.296,0.56,0.591,0.557,0.51,0.415,0.263,0.083,0.0,0.0,0.0,0.0,0.0,0.0,0.0
0.0,0.0,0.0,0.0,0.0,0.003,0.153,0.377,0.542,0.671,0.75,0.774,0.742,0.658,0.521,0.333,0.117,0.0,0.0,0.0,0.0,0.0,0.0,0.0
0.0,0.0,0.0,0.0,0.0,0.003,0.141,0.364,0.546,0.662,0.728,0.728,0.642,0.601,0.5,0.322,0.114,0.0,0.0,0.0,0.0,0.0,0.0,0.0
0.0,0.0,0.0,0.0,0.0,0.004,0.156,0.375,0.55,0.665,0.731,0.747,0.715,0.635,0.505,0.328,0.123,0.001,0.0,0.0,0.0,0.0,0.0,0.0
0.0,0.0,0.0,0.0,0.0,0.005,0.141,0.33,0.487,0.586,0.653,0.68,0.663,0.59,0.469,0.309,0.117,0.001,0.0,0.0,0.0,0.0,0.0,0.0
0.0,0.0,0.0,0.0,0.0,0.006,0.153,0.359,0.531,0.644,0.707,0.722,0.683,0.602,0.47,0.293,0.101,0.001,0.0,0.0,0.0,0.0,0.0,0.0
0.0,0.0,0.0,0.0,0.0,0.0,0.028,0.076,0.136,0.224,0.304,0.393,0.425,0.333,0.194,0.097,0.037,0.0,0.0,0.0,0.0,0.0,0.0,0.0
0.0,0.0,0.0,0.0,0.0,0.007,0.078,0.233,0.424,0.511,0.533,0.456,0.374,0.327,0.207,0.142,0.052,0.001,0.0,0.0,0.0,0.0,0.0,0.0
0.0,0.0,0.0,0.0,0.0,0.006,0.102,0.258,0.425,0.548,0.659,0.721,0.672,0.49,0.306,0.171,0.086,0.003,0.0,0.0,0.0,0.0,0.0,0.0
0.0,0.0,0.0,0.0,0.0,0.009,0.125,0.307,0.501,0.623,0.651,0.671,0.676,0.588,0.472,0.284,0.1,0.004,0.0,0.0,0.0,0.0,0.0,0.0
0.0,0.0,0.0,0.0,0.0,0.012,0.168,0.37,0.532,0.645,0.693,0.686,0.591,0.39,0.254,0.153,0.069,0.004,0.0,0.0,0.0,0.0,0.0,0.0
0.0,0.0,0.0,0.0,0.0,0.009,0.092,0.338,0.548,0.666,0.726,0.751,0.722,0.645,0.519,0.347,0.147,0.007,0.0,0.0,0.0,0.0,0.0,0.0
0.0,0.0,0.0,0.0,0.0,0.015,0.179,0.382,0.545,0.658,0.72,0.735,0.705,0.628,0.502,0.334,0.139,0.007,0.0,0.0,0.0,0.0,0.0,0.0
0.0,0.0,0.0,0.0,0.0,0.016,0.174,0.371,0.532,0.639,0.676,0.627,0.539,0.455,0.356,0.232,0.098,0.006,0.0,0.0,0.0,0.0,0.0,0.0
0.0,0.0,0.0,0.0,0.0,0.015,0.153,0.366,0.534,0.648,0.712,0.729,0.696,0.612,0.487,0.322,0.137,0.009,0.0,0.0,0.0,0.0,0.0,0.0
0.0,0.0,0.0,0.0,0.0,0.015,0.096,0.185,0.279,0.409,0.502,0.497,0.412,0.288,0.193,0.104,0.03,0.001,0.0,0.0,0.0,0.0,0.0,0.0
0.0,0.0,0.0,0.0,0.0,0.003,0.034,0.087,0.165,0.269,0.314,0.388,0.369,0.253,0.157,0.082,0.021,0.0,0.0,0.0,0.0,0.0,0.0,0.0
0.0,0.0,0.0,0.0,0.0,0.01,0.054,0.111,0.18,0.209,0.208,0.226,0.235,0.23,0.184,0.144,0.048,0.006,0.0,0.0,0.0,0.0,0.0,0.0
0.0,0.0,0.0,0.0,0.0,0.011,0.074,0.193,0.335,0.36,0.269,0.256,0.239,0.232,0.206,0.136,0.06,0.006,0.0,0.0,0.0,0.0,0.0,0.0
0.0,0.0,0.0,0.0,0.0,0.015,0.083,0.201,0.397,0.51,0.626,0.68,0.634,0.509,0.34,0.208,0.076,0.009,0.0,0.0,0.0,0.0,0.0,0.0
0.0,0.0,0.0,0.0,0.0,0.028,0.185,0.394,0.555,0.665,0.722,0.73,0.681,0.565,0.429,0.276,0.096,0.013,0.0,0.0,0.0,0.0,0.0,0.0
0.0,0.0,0.0,0.0,0.0,0.025,0.122,0.216,0.27,0.321,0.377,0.419,0.441,0.324,0.229,0.111,0.053,0.007,0.0,0.0,0.0,0.0,0.0,0.0
0.0,0.0,0.0,0.0,0.0,0.022,0.106,0.219,0.334,0.377,0.374,0.291,0.213,0.165,0.107,0.066,0.029,0.003,0.0,0.0,0.0,0.0,0.0,0.0
0.0,0.0,0.0,0.0,0.0,0.009,0.048,0.113,0.205,0.303,0.388,0.422,0.423,0.41,0.372,0.278,0.137,0.023,0.0,0.0,0.0,0.0,0.0,0.0
0.0,0.0,0.0,0.0,0.0,0.04,0.228,0.435,0.603,0.72,0.786,0.802,0.773,0.695,0.568,0.396,0.192,0.025,0.0,0.0,0.0,0.0,0.0,0.0
0.0,0.0,0.0,0.0,0.0,0.044,0.224,0.424,0.565,0.654,0.634,0.514,0.55,0.499,0.378,0.233,0.125,0.025,0.0,0.0,0.0,0.0,0.0,0.0
0.0,0.0,0.0,0.0,0.0,0.045,0.196,0.373,0.42,0.433,0.467,0.469,0.452,0.397,0.291,0.198,0.089,0.018,0.0,0.0,0.0,0.0,0.0,0.0
0.0,0.0,0.0,0.0,0.0,0.026,0.128,0.286,0.37,0.526,0.663,0.675,0.629,0.578,0.502,0.351,0.168,0.027,0.0,0.0,0.0,0.0,0.0,0.0
0.0,0.0,0.0,0.0,0.0,0.03,0.102,0.286,0.523,0.68,0.741,0.756,0.724,0.651,0.533,0.37,0.184,0.031,0.0,0.0,0.0,0.0,0.0,0.0
0.0,0.0,0.0,0.0,0.0,0.051,0.224,0.42,0.573,0.677,0.733,0.736,0.688,0.586,0.41,0.236,0.079,0.012,0.0,0.0,0.0,0.0,0.0,0.0
0.0,0.0,0.0,0.0,0.0,0.02,0.089,0.215,0.35,0.46,0.477,0.457,0.388,0.358,0.325,0.241,0.134,0.033,0.0,0.0,0.0,0.0,0.0,0.0
0.0,0.0,0.0,0.0,0.0,0.045,0.182,0.391,0.564,0.678,0.74,0.754,0.726,0.653,0.536,0.377,0.192,0.034,0.0,0.0,0.0,0.0,0.0,0.0
0.0,0.0,0.0,0.0,0.0,0.054,0.233,0.423,0.576,0.686,0.744,0.758,0.729,0.657,0.541,0.384,0.197,0.034,0.0,0.0,0.0,0.0,0.0,0.0
0.0,0.0,0.0,0.0,0.0,0.057,0.236,0.425,0.573,0.676,0.734,0.75,0.723,0.653,0.539,0.382,0.197,0.035,0.0,0.0,0.0,0.0,0.0,0.0
0.0,0.0,0.0,0.0,0.001,0.059,0.239,0.428,0.578,0.681,0.738,0.754,0.727,0.657,0.542,0.386,0.2,0.036,0.0,0.0,0.0,0.0,0.0,0.0
0.0,0.0,0.0,0.0,0.001,0.06,0.235,0.42,0.567,0.673,0.729,0.742,0.715,0.647,0.536,0.379,0.196,0.038,0.0,0.0,0.0,0.0,0.0,0.0
0.0,0.0,0.0,0.0,0.002,0.063,0.222,0.397,0.539,0.638,0.686,0.689,0.66,0.552,0.402,0.25,0.113,0.027,0.0,0.0,0.0,0.0,0.0,0.0
0.0,0.0,0.0,0.0,0.0,0.045,0.188,0.368,0.52,0.634,0.684,0.593,0.457,0.404,0.394,0.285,0.127,0.024,0.0,0.0,0.0,0.0,0.0,0.0
0.0,0.0,0.0,0.0,0.002,0.064,0.233,0.414,0.524,0.606,0.695,0.715,0.668,0.585,0.455,0.285,0.14,0.043,0.0,0.0,0.0,0.0,0.0,0.0
0.0,0.0,0.0,0.0,0.0,0.013,0.044,0.097,0.153,0.231,0.337,0.391,0.371,0.284,0.155,0.131,0.097,0.046,0.0,0.0,0.0,0.0,0.0,0.0
0.0,0.0,0.0,0.0,0.005,0.071,0.237,0.388,0.464,0.335,0.226,0.213,0.212,0.22,0.216,0.265,0.145,0.036,0.0,0.0,0.0,0.0,0.0,0.0
0.0,0.0,0.0,0.0,0.004,0.06,0.139,0.299,0.405,0.492,0.564,0.587,0.518,0.435,0.345,0.252,0.16,0.049,0.001,0.0,0.0,0.0,0.0,0.0
0.0,0.0,0.0,0.0,0.004,0.05,0.123,0.21,0.287,0.387,0.436,0.315,0.218,0.177,0.14,0.111,0.096,0.038,0.0,0.0,0.0,0.0,0.0,0.0
0.0,0.0,0.0,0.0,0.004,0.052,0.222,0.45,0.606,0.714,0.773,0.786,0.756,0.68,0.554,0.374,0.194,0.051,0.002,0.0,0.0,0.0,0.0,0.0
0.0,0.0,0.0,0.0,0.007,0.072,0.221,0.416,0.54,0.577,0.593,0.622,0.64,0.601,0.501,0.359,0.187,0.052,0.002,0.0,0.0,0.0,0.0,0.0
0.0,0.0,0.0,0.0,0.008,0.079,0.227,0.375,0.481,0.519,0.518,0.558,0.635,0.622,0.49,0.277,0.1,0.022,0.001,0.0,0.0,0.0,0.0,0.0
0.0,0.0,0.0,0.0,0.004,0.058,0.173,0.41,0.551,0.611,0.692,0.691,0.635,0.56,0.455,0.307,0.157,0.047,0.002,0.0,0.0,0.0,0.0,0.0
0.0,0.0,0.0,0.0,0.0,0.01,0.032,0.074,0.131,0.18,0.212,0.231,0.245,0.222,0.193,0.161,0.111,0.051,0.003,0.0,0.0,0.0,0.0,0.0
0.0,0.0,0.0,0.0,0.01,0.089,0.276,0.443,0.539,0.634,0.689,0.673,0.621,0.543,0.441,0.315,0.178,0.057,0.005,0.0,0.0,0.0,0.0,0.0
0.0,0.0,0.0,0.0,0.011,0.088,0.254,0.398,0.487,0.583,0.645,0.643,0.62,0.575,0.476,0.342,0.182,0.061,0.006,0.0,0.0,0.0,0.0,0.0
0.0,0.0,0.0,0.0,0.012,0.074,0.176,0.24,0.34,0.49,0.623,0.641,0.605,0.621,0.535,0.388,0.214,0.065,0.006,0.0,0.0,0.0,0.0,0.0
0.0,0.0,0.0,0.0,0.004,0.022,0.052,0.208,0.389,0.381,0.222,0.216,0.189,0.155,0.13,0.068,0.041,0.014,0.001,0.0,0.0,0.0,0.0,0.0
0.0,0.0,0.0,0.0,0.013,0.083,0.255,0.367,0.414,0.381,0.244,0.169,0.167,0.177,0.199,0.141,0.121,0.07,0.01,0.0,0.0,0.0,0.0,0.0
0.0,0.0,0.0,0.0,0.012,0.07,0.244,0.447,0.584,0.67,0.716,0.723,0.683,0.604,0.487,0.345,0.197,0.06,0.008,0.0,0.0,0.0,0.0,0.0
0.0,0.0,0.0,0.0,0.0,0.008,0.031,0.084,0.174,0.235,0.211,0.24,0.177,0.141,0.143,0.138,0.07,0.026,0.003,0.0,0.0,0.0,0.0,0.0
0.0,0.0,0.0,0.0,0.018,0.091,0.268,0.464,0.608,0.704,0.769,0.789,0.762,0.692,0.572,0.41,0.229,0.064,0.011,0.0,0.0,0.0,0.0,0.0
0.0,0.0,0.0,0.0,0.017,0.097,0.281,0.464,0.611,0.724,0.783,0.797,0.769,0.698,0.583,0.426,0.24,0.06,0.012,0.0,0.0,0.0,0.0,0.0
0.0,0.0,0.0,0.0,0.019,0.099,0.287,0.465,0.606,0.702,0.754,0.762,0.727,0.646,0.536,0.391,0.213,0.069,0.014,0.0,0.0,0.0,0.0,0.0
0.0,0.0,0.0,0.0,0.018,0.1,0.292,0.478,0.627,0.73,0.786,0.797,0.767,0.694,0.578,0.419,0.224,0.068,0.015,0.0,0.0,0.0,0.0,0.0
0.0,0.0,0.0,0.0,0.019,0.087,0.209,0.369,0.515,0.627,0.673,0.623,0.496,0.37,0.27,0.195,0.102,0.046,0.007,0.0,0.0,0.0,0.0,0.0
0.0,0.0,0.0,0.0,0.01,0.055,0.144,0.276,0.443,0.56,0.633,0.659,0.653,0.59,0.493,0.317,0.163,0.07,0.013,0.0,0.0,0.0,0.0,0.0
0.0,0.0,0.0,0.0,0.022,0.101,0.23,0.371,0.462,0.504,0.499,0.464,0.398,0.318,0.244,0.169,0.093,0.036,0.005,0.0,0.0,0.0,0.0,0.0
0.0,0.0,0.0,0.0,0.015,0.065,0.146,0.245,0.363,0.422,0.389,0.326,0.286,0.287,0.242,0.184,0.146,0.072,0.016,0.0,0.0,0.0,0.0,0.0
0.0,0.0,0.0,0.0,0.027,0.099,0.192,0.262,0.278,0.301,0.317,0.311,0.232,0.15,0.103,0.068,0.043,0.019,0.002,0.0,0.0,0.0,0.0,0.0
0.0,0.0,0.0,0.0,0.003,0.015,0.032,0.057,0.083,0.121,0.151,0.185,0.183,0.171,0.16,0.131,0.098,0.059,0.014,0.0,0.0,0.0,0.0,0.0
0.0,0.0,0.0,0.0,0.022,0.085,0.15,0.213,0.262,0.282,0.362,0.469,0.577,0.619,0.543,0.41,0.237,0.081,0.023,0.0,0.0,0.0,0.0,0.0
0.0,0.0,0.0,0.0,0.027,0.105,0.25,0.408,0.543,0.631,0.703,0.716,0.67,0.608,0.497,0.359,0.208,0.079,0.02,0.0,0.0,0.0,0.0,0.0
0.0,0.0,0.0,0.0,0.026,0.096,0.192,0.279,0.367,0.452,0.502,0.515,0.494,0.415,0.285,0.201,0.159,0.086,0.023,0.0,0.0,0.0,0.0,0.0
0.0,0.0,0.0,0.0,0.026,0.087,0.166,0.259,0.398,0.576,0.689,0.714,0.689,0.619,0.511,0.373,0.221,0.082,0.024,0.0,0.0,0.0,0.0,0.0
0.0,0.0,0.0,0.0,0.027,0.106,0.274,0.439,0.565,0.657,0.704,0.709,0.685,0.629,0.53,0.391,0.224,0.077,0.023,0.0,0.0,0.0,0.0,0.0
0.0,0.0,0.0,0.0,0.033,0.108,0.225,0.363,0.471,0.548,0.456,0.341,0.373,0.332,0.27,0.205,0.141,0.078,0.023,0.0,0.0,0.0,0.0,0.0
0.0,0.0,0.0,0.0,0.013,0.047,0.088,0.131,0.177,0.245,0.324,0.416,0.524,0.529,0.34,0.256,0.149,0.078,0.021,0.0,0.0,0.0,0.0,0.0
0.0,0.0,0.0,0.0,0.026,0.089,0.191,0.353,0.545,0.638,0.672,0.669,0.62,0.566,0.47,0.355,0.216,0.086,0.026,0.0,0.0,0.0,0.0,0.0
0.0,0.0,0.0,0.0,0.03,0.112,0.28,0.443,0.565,0.615,0.696,0.656,0.551,0.523,0.465,0.331,0.19,0.081,0.023,0.0,0.0,0.0,0.0,0.0
0.0,0.0,0.0,0.0,0.033,0.109,0.259,0.413,0.54,0.633,0.674,0.688,0.657,0.59,0.473,0.317,0.191,0.074,0.021,0.0,0.0,0.0,0.0,0.0
0.0,0.0,0.0,0.0,0.03,0.107,0.265,0.414,0.534,0.634,0.695,0.712,0.687,0.612,0.489,0.337,0.189,0.081,0.026,0.0,0.0,0.0,0.0,0.0
0.0,0.0,0.0,0.0,0.027,0.105,0.272,0.43,0.557,0.648,0.7,0.713,0.69,0.628,0.529,0.394,0.233,0.075,0.023,0.0,0.0,0.0,0.0,0.0
0.0,0.0,0.0,0.0,0.034,0.113,0.263,0.4,0.495,0.556,0.606,0.629,0.514,0.273,0.193,0.152,0.099,0.038,0.007,0.0,0.0,0.0,0.0,0.0
0.0,0.0,0.0,0.0,0.033,0.107,0.25,0.4,0.526,0.62,0.671,0.683,0.659,0.595,0.497,0.366,0.219,0.083,0.027,0.0,0.0,0.0,0.0,0.0
0.0,0.0,0.0,0.0,0.033,0.108,0.255,0.393,0.466,0.455,0.47,0.563,0.601,0.581,0.505,0.375,0.224,0.084,0.028,0.0,0.0,0.0,0.0,0.0
0.0,0.0,0.0,0.0,0.037,0.105,0.167,0.193,0.243,0.364,0.452,0.492,0.375,0.219,0.168,0.184,0.192,0.102,0.034,0.0,0.0,0.0,0.0,0.0
0.0,0.0,0.0,0.001,0.036,0.111,0.265,0.423,0.543,0.63,0.692,0.717,0.691,0.62,0.514,0.375,0.219,0.088,0.012,0.0,0.0,0.0,0.0,0.0
0.0,0.0,0.0,0.0,0.03,0.11,0.286,0.455,0.589,0.68,0.729,0.741,0.713,0.646,0.543,0.405,0.244,0.083,0.026,0.0,0.0,0.0,0.0,0.0
0.0,0.0,0.0,0.001,0.042,0.116,0.267,0.435,0.55,0.479,0.358,0.257,0.243,0.194,0.267,0.259,0.087,0.036,0.011,0.0,0.0,0.0,0.0,0.0
0.0,0.0,0.0,0.0,0.014,0.049,0.132,0.245,0.331,0.197,0.17,0.251,0.401,0.452,0.362,0.213,0.062,0.019,0.005,0.0,0.0,0.0,0.0,0.0
0.0,0.0,0.0,0.0,0.024,0.092,0.16,0.287,0.474,0.6,0.617,0.497,0.362,0.32,0.349,0.301,0.153,0.062,0.013,0.0,0.0,0.0,0.0,0.0
0.0,0.0,0.0,0.001,0.036,0.09,0.104,0.171,0.305,0.367,0.437,0.703,0.697,0.646,0.551,0.414,0.249,0.093,0.032,0.0,0.0,0.0,0.0,0.0
0.0,0.0,0.0,0.001,0.037,0.108,0.25,0.411,0.553,0.633,0.674,0.672,0.653,0.619,0.531,0.408,0.247,0.087,0.028,0.0,0.0,0.0,0.0,0.0
0.0,0.0,0.0,0.002,0.043,0.124,0.212,0.262,0.461,0.543,0.212,0.215,0.207,0.153,0.123,0.088,0.064,0.062,0.025,0.0,0.0,0.0,0.0,0.0
0.0,0.0,0.0,0.001,0.038,0.11,0.239,0.353,0.478,0.605,0.667,0.689,0.669,0.592,0.477,0.354,0.219,0.094,0.032,0.0,0.0,0.0,0.0,0.0
0.0,0.0,0.0,0.0,0.021,0.054,0.104,0.171,0.271,0.399,0.525,0.626,0.648,0.584,0.487,0.32,0.224,0.098,0.031,0.0,0.0,0.0,0.0,0.0
0.0,0.0,0.0,0.001,0.033,0.108,0.268,0.425,0.555,0.649,0.699,0.712,0.685,0.623,0.528,0.394,0.239,0.087,0.028,0.0,0.0,0.0,0.0,0.0
0.0,0.0,0.0,0.001,0.038,0.11,0.261,0.417,0.541,0.632,0.682,0.681,0.618,0.56,0.492,0.363,0.21,0.086,0.017,0.0,0.0,0.0,0.0,0.0
0.0,0.0,0.0,0.001,0.039,0.111,0.264,0.416,0.54,0.623,0.664,0.637,0.51,0.331,0.235,0.202,0.165,0.086,0.029,0.0,0.0,0.0,0.0,0.0
0.0,0.0,0.0,0.0,0.017,0.082,0.203,0.352,0.483,0.581,0.575,0.488,0.351,0.237,0.218,0.213,0.196,0.098,0.035,0.0,0.0,0.0,0.0,0.0
0.0,0.0,0.0,0.002,0.037,0.108,0.263,0.411,0.545,0.636,0.687,0.633,0.686,0.566,0.444,0.371,0.227,0.092,0.03,0.0,0.0,0.0,0.0,0.0
0.0,0.0,0.0,0.002,0.045,0.122,0.248,0.36,0.417,0.416,0.377,0.299,0.24,0.17,0.135,0.1,0.063,0.03,0.007,0.0,0.0,0.0,0.0,0.0
0.0,0.0,0.0,0.002,0.036,0.107,0.26,0.412,0.538,0.632,0.683,0.694,0.666,0.601,0.489,0.363,0.219,0.091,0.03,0.0,0.0,0.0,0.0,0.0
0.0,0.0,0.0,0.002,0.033,0.104,0.262,0.416,0.543,0.632,0.682,0.695,0.672,0.613,0.519,0.389,0.236,0.087,0.028,0.0,0.0,0.0,0.0,0.0
0.0,0.0,0.0,0.001,0.037,0.105,0.236,0.397,0.53,0.61,0.651,0.659,0.641,0.582,0.488,0.363,0.223,0.088,0.029,0.0,0.0,0.0,0.0,0.0
0.0,0.0,0.0,0.001,0.033,0.102,0.245,0.395,0.516,0.602,0.65,0.662,0.64,0.581,0.488,0.364,0.221,0.089,0.029,0.0,0.0,0.0,0.0,0.0
0.0,0.0,0.0,0.001,0.035,0.103,0.251,0.406,0.534,0.63,0.683,0.699,0.679,0.623,0.531,0.402,0.246,0.087,0.025,0.0,0.0,0.0,0.0,0.0
0.0,0.0,0.0,0.001,0.029,0.102,0.272,0.435,0.566,0.658,0.709,0.721,0.698,0.637,0.539,0.406,0.246,0.087,0.025,0.0,0.0,0.0,0.0,0.0
0.0,0.0,0.0,0.001,0.026,0.101,0.275,0.436,0.563,0.651,0.7,0.711,0.687,0.626,0.529,0.398,0.241,0.085,0.024,0.0,0.0,0.0,0.0,0.0
0.0,0.0,0.0,0.002,0.029,0.102,0.27,0.425,0.545,0.624,0.666,0.673,0.646,0.584,0.48,0.324,0.17,0.076,0.024,0.0,0.0,0.0,0.0,0.0
0.0,0.0,0.0,0.0,0.033,0.108,0.241,0.361,0.463,0.532,0.354,0.34,0.442,0.554,0.48,0.369,0.229,0.095,0.031,0.0,0.0,0.0,0.0,0.0
0.0,0.0,0.0,0.001,0.029,0.1,0.273,0.44,0.573,0.665,0.717,0.73,0.705,0.642,0.541,0.405,0.243,0.089,0.027,0.0,0.0,0.0,0.0,0.0
0.0,0.0,0.0,0.001,0.028,0.1,0.272,0.438,0.571,0.665,0.718,0.732,0.708,0.646,0.546,0.41,0.248,0.088,0.025,0.0,0.0,0.0,0.0,0.0
0.0,0.0,0.0,0.001,0.027,0.099,0.274,0.44,0.574,0.666,0.718,0.73,0.705,0.643,0.542,0.407,0.246,0.088,0.025,0.0,0.0,0.0,0.0,0.0
0.0,0.0,0.0,0.0,0.031,0.088,0.169,0.328,0.489,0.621,0.689,0.708,0.685,0.622,0.517,0.367,0.225,0.093,0.027,0.0,0.0,0.0,0.0,0.0
0.0,0.0,0.0,0.001,0.027,0.097,0.267,0.429,0.556,0.642,0.69,0.701,0.675,0.613,0.505,0.353,0.23,0.089,0.027,0.0,0.0,0.0,0.0,0.0
0.0,0.0,0.0,0.0,0.013,0.045,0.095,0.179,0.328,0.492,0.611,0.63,0.592,0.516,0.439,0.35,0.225,0.1,0.031,0.0,0.0,0.0,0.0,0.0
0.0,0.0,0.0,0.001,0.032,0.103,0.262,0.416,0.572,0.676,0.731,0.745,0.714,0.568,0.348,0.183,0.157,0.061,0.009,0.0,0.0,0.0,0.0,0.0
0.0,0.0,0.0,0.0,0.033,0.1,0.257,0.418,0.543,0.657,0.71,0.746,0.718,0.655,0.552,0.41,0.246,0.091,0.026,0.0,0.0,0.0,0.0,0.0
0.0,0.0,0.0,0.0,0.029,0.097,0.26,0.424,0.567,0.668,0.723,0.735,0.709,0.646,0.544,0.408,0.246,0.09,0.025,0.0,0.0,0.0,0.0,0.0
0.0,0.0,0.0,0.0,0.022,0.053,0.063,0.085,0.11,0.129,0.14,0.15,0.153,0.156,0.166,0.173,0.154,0.1,0.031,0.0,0.0,0.0,0.0,0.0
0.0,0.0,0.0,0.0,0.031,0.088,0.199,0.356,0.455,0.489,0.483,0.412,0.286,0.248,0.213,0.189,0.14,0.076,0.016,0.0,0.0,0.0,0.0,0.0
0.0,0.0,0.0,0.0,0.026,0.097,0.218,0.362,0.519,0.591,0.597,0.525,0.454,0.438,0.346,0.282,0.155,0.087,0.022,0.0,0.0,0.0,0.0,0.0
0.0,0.0,0.0,0.0,0.033,0.095,0.19,0.309,0.427,0.58,0.661,0.677,0.637,0.601,0.482,0.334,0.205,0.085,0.026,0.0,0.0,0.0,0.0,0.0
0.0,0.0,0.0,0.0,0.029,0.094,0.26,0.42,0.542,0.653,0.711,0.724,0.701,0.64,0.541,0.39,0.212,0.087,0.024,0.0,0.0,0.0,0.0,0.0
0.0,0.0,0.0,0.0,0.027,0.092,0.258,0.43,0.566,0.66,0.712,0.725,0.699,0.635,0.534,0.398,0.238,0.086,0.023,0.0,0.0,0.0,0.0,0.0
0.0,0.0,0.0,0.0,0.029,0.09,0.201,0.362,0.508,0.6,0.663,0.697,0.68,0.616,0.515,0.38,0.226,0.088,0.023,0.0,0.0,0.0,0.0,0.0
0.0,0.0,0.0,0.0,0.026,0.091,0.184,0.301,0.466,0.597,0.659,0.666,0.636,0.582,0.467,0.278,0.094,0.028,0.009,0.0,0.0,0.0,0.0,0.0
0.0,0.0,0.0,0.0,0.014,0.057,0.125,0.2,0.276,0.343,0.541,0.514,0.483,0.421,0.377,0.259,0.138,0.072,0.021,0.0,0.0,0.0,0.0,0.0
0.0,0.0,0.0,0.0,0.03,0.098,0.24,0.39,0.516,0.597,0.559,0.366,0.448,0.409,0.312,0.17,0.074,0.042,0.009,0.0,0.0,0.0,0.0,0.0
0.0,0.0,0.0,0.0,0.019,0.05,0.139,0.391,0.532,0.623,0.679,0.693,0.637,0.499,0.403,0.347,0.201,0.077,0.02,0.0,0.0,0.0,0.0,0.0
0.0,0.0,0.0,0.0,0.024,0.095,0.191,0.238,0.36,0.563,0.631,0.635,0.627,0.574,0.472,0.344,0.215,0.083,0.02,0.0,0.0,0.0,0.0,0.0
0.0,0.0,0.0,0.0,0.024,0.084,0.243,0.398,0.525,0.614,0.664,0.677,0.653,0.594,0.499,0.371,0.221,0.078,0.018,0.0,0.0,0.0,0.0,0.0
0.0,0.0,0.0,0.0,0.023,0.083,0.242,0.397,0.52,0.606,0.654,0.663,0.636,0.57,0.481,0.362,0.216,0.077,0.017,0.0,0.0,0.0,0.0,0.0
0.0,0.0,0.0,0.0,0.023,0.082,0.234,0.383,0.505,0.59,0.641,0.655,0.631,0.573,0.478,0.351,0.206,0.076,0.016,0.0,0.0,0.0,0.0,0.0
0.0,0.0,0.0,0.0,0.023,0.085,0.233,0.382,0.502,0.585,0.635,0.649,0.623,0.544,0.411,0.251,0.143,0.055,0.007,0.0,0.0,0.0,0.0,0.0
0.0,0.0,0.0,0.0,0.005,0.031,0.066,0.132,0.209,0.161,0.151,0.137,0.133,0.118,0.091,0.06,0.033,0.014,0.001,0.0,0.0,0.0,0.0,0.0
0.0,0.0,0.0,0.0,0.014,0.064,0.14,0.231,0.277,0.31,0.307,0.284,0.269,0.228,0.174,0.116,0.064,0.026,0.004,0.0,0.0,0.0,0.0,0.0
0.0,0.0,0.0,0.0,0.019,0.086,0.218,0.365,0.463,0.588,0.642,0.662,0.628,0.515,0.388,0.229,0.138,0.072,0.012,0.0,0.0,0.0,0.0,0.0
0.0,0.0,0.0,0.0,0.02,0.082,0.234,0.392,0.523,0.618,0.675,0.691,0.668,0.606,0.506,0.366,0.187,0.06,0.008,0.0,0.0,0.0,0.0,0.0
0.0,0.0,0.0,0.0,0.013,0.078,0.207,0.358,0.511,0.593,0.647,0.682,0.668,0.614,0.517,0.381,0.219,0.075,0.011,0.0,0.0,0.0,0.0,0.0
0.0,0.0,0.0,0.0,0.019,0.08,0.241,0.407,0.546,0.644,0.699,0.714,0.687,0.621,0.509,0.341,0.181,0.056,0.008,0.0,0.0,0.0,0.0,0.0
0.0,0.0,0.0,0.0,0.014,0.067,0.14,0.226,0.375,0.472,0.463,0.445,0.441,0.406,0.295,0.233,0.135,0.056,0.006,0.0,0.0,0.0,0.0,0.0
0.0,0.0,0.0,0.0,0.014,0.069,0.151,0.271,0.454,0.541,0.571,0.573,0.519,0.428,0.39,0.306,0.156,0.066,0.008,0.0,0.0,0.0,0.0,0.0
0.0,0.0,0.0,0.0,0.015,0.076,0.231,0.394,0.53,0.629,0.683,0.697,0.673,0.61,0.508,0.359,0.201,0.068,0.007,0.0,0.0,0.0,0.0,0.0
0.0,0.0,0.0,0.0,0.014,0.078,0.142,0.214,0.231,0.231,0.291,0.516,0.547,0.461,0.367,0.242,0.141,0.056,0.006,0.0,0.0,0.0,0.0,0.0
0.0,0.0,0.0,0.0,0.008,0.065,0.129,0.256,0.365,0.519,0.464,0.335,0.376,0.291,0.15,0.096,0.078,0.057,0.006,0.0,0.0,0.0,0.0,0.0
0.0,0.0,0.0,0.0,0.002,0.028,0.082,0.133,0.137,0.177,0.197,0.168,0.155,0.13,0.112,0.106,0.131,0.072,0.007,0.0,0.0,0.0,0.0,0.0
0.0,0.0,0.0,0.0,0.011,0.076,0.159,0.203,0.318,0.347,0.35,0.371,0.453,0.59,0.487,0.283,0.108,0.066,0.005,0.0,0.0,0.0,0.0,0.0
0.0,0.0,0.0,0.0,0.009,0.035,0.09,0.251,0.315,0.295,0.403,0.471,0.391,0.371,0.385,0.228,0.112,0.039,0.002,0.0,0.0,0.0,0.0,0.0
0.0,0.0,0.0,0.0,0.008,0.061,0.08,0.166,0.375,0.55,0.638,0.674,0.655,0.617,0.511,0.371,0.208,0.062,0.004,0.0,0.0,0.0,0.0,0.0
0.0,0.0,0.0,0.0,0.009,0.071,0.163,0.284,0.482,0.638,0.693,0.705,0.678,0.595,0.44,0.185,0.074,0.022,0.0,0.0,0.0,0.0,0.0,0.0
0.0,0.0,0.0,0.0,0.007,0.066,0.219,0.368,0.455,0.52,0.604,0.617,0.579,0.456,0.299,0.178,0.136,0.053,0.003,0.0,0.0,0.0,0.0,0.0
0.0,0.0,0.0,0.0,0.007,0.068,0.223,0.404,0.55,0.651,0.703,0.707,0.658,0.554,0.418,0.269,0.133,0.042,0.001,0.0,0.0,0.0,0.0,0.0
0.0,0.0,0.0,0.0,0.004,0.062,0.212,0.382,0.51,0.616,0.677,0.696,0.676,0.624,0.52,0.373,0.186,0.042,0.001,0.0,0.0,0.0,0.0,0.0
0.0,0.0,0.0,0.0,0.0,0.012,0.035,0.064,0.123,0.216,0.368,0.502,0.529,0.425,0.312,0.202,0.067,0.016,0.0,0.0,0.0,0.0,0.0,0.0
0.0,0.0,0.0,0.0,0.005,0.065,0.221,0.396,0.537,0.635,0.666,0.633,0.435,0.422,0.38,0.257,0.14,0.042,0.0,0.0,0.0,0.0,0.0,0.0
0.0,0.0,0.0,0.0,0.002,0.04,0.098,0.107,0.116,0.133,0.142,0.135,0.153,0.21,0.268,0.095,0.052,0.017,0.0,0.0,0.0,0.0,0.0,0.0
0.0,0.0,0.0,0.0,0.002,0.059,0.197,0.343,0.405,0.373,0.573,0.667,0.597,0.484,0.415,0.27,0.133,0.029,0.0,0.0,0.0,0.0,0.0,0.0
0.0,0.0,0.0,0.0,0.0,0.02,0.199,0.401,0.546,0.643,0.692,0.704,0.672,0.583,0.486,0.342,0.176,0.043,0.0,0.0,0.0,0.0,0.0,0.0
0.0,0.0,0.0,0.0,0.002,0.045,0.12,0.158,0.146,0.198,0.211,0.188,0.176,0.158,0.123,0.077,0.039,0.011,0.0,0.0,0.0,0.0,0.0,0.0
0.0,0.0,0.0,0.0,0.002,0.056,0.218,0.392,0.537,0.641,0.7,0.716,0.689,0.621,0.51,0.361,0.189,0.043,0.0,0.0,0.0,0.0,0.0,0.0
0.0,0.0,0.0,0.0,0.001,0.054,0.223,0.398,0.54,0.643,0.702,0.718,0.692,0.625,0.515,0.366,0.191,0.04,0.0,0.0,0.0,0.0,0.0,0.0
0.0,0.0,0.0,0.0,0.001,0.053,0.222,0.398,0.537,0.636,0.693,0.707,0.681,0.613,0.505,0.358,0.186,0.038,0.0,0.0,0.0,0.0,0.0,0.0
0.0,0.0,0.0,0.0,0.001,0.052,0.215,0.389,0.526,0.625,0.679,0.694,0.666,0.6,0.49,0.341,0.169,0.036,0.0,0.0,0.0,0.0,0.0,0.0
0.0,0.0,0.0,0.0,0.0,0.048,0.191,0.354,0.491,0.576,0.628,0.643,0.613,0.55,0.443,0.305,0.149,0.033,0.0,0.0,0.0,0.0,0.0,0.0
0.0,0.0,0.0,0.0,0.0,0.048,0.192,0.354,0.487,0.568,0.608,0.607,0.567,0.496,0.381,0.217,0.084,0.022,0.0,0.0,0.0,0.0,0.0,0.0
0.0,0.0,0.0,0.0,0.0,0.045,0.181,0.338,0.436,0.483,0.516,0.501,0.477,0.421,0.35,0.247,0.134,0.029,0.0,0.0,0.0,0.0,0.0,0.0
0.0,0.0,0.0,0.0,0.0,0.011,0.07,0.236,0.389,0.526,0.623,0.638,0.603,0.524,0.405,0.239,0.109,0.025,0.0,0.0,0.0,0.0,0.0,0.0
0.0,0.0,0.0,0.0,0.0,0.031,0.131,0.275,0.412,0.525,0.568,0.542,0.439,0.337,0.234,0.173,0.101,0.024,0.0,0.0,0.0,0.0,0.0,0.0
0.0,0.0,0.0,0.0,0.0,0.04,0.181,0.349,0.494,0.597,0.656,0.673,0.65,0.584,0.478,0.331,0.163,0.026,0.0,0.0,0.0,0.0,0.0,0.0
0.0,0.0,0.0,0.0,0.0,0.039,0.182,0.35,0.49,0.588,0.645,0.661,0.638,0.571,0.459,0.308,0.148,0.024,0.0,0.0,0.0,0.0,0.0,0.0
0.0,0.0,0.0,0.0,0.0,0.036,0.158,0.274,0.33,0.289,0.273,0.309,0.382,0.467,0.374,0.133,0.037,0.009,0.0,0.0,0.0,0.0,0.0,0.0
0.0,0.0,0.0,0.0,0.0,0.038,0.204,0.388,0.541,0.647,0.712,0.729,0.701,0.63,0.514,0.355,0.17,0.022,0.0,0.0,0.0,0.0,0.0,0.0
0.0,0.0,0.0,0.0,0.0,0.037,0.199,0.381,0.531,0.638,0.697,0.711,0.683,0.613,0.499,0.345,0.165,0.02,0.0,0.0,0.0,0.0,0.0,0.0
0.0,0.0,0.0,0.0,0.0,0.034,0.187,0.37,0.513,0.599,0.657,0.677,0.653,0.59,0.481,0.334,0.16,0.018,0.0,0.0,0.0,0.0,0.0,0.0
0.0,0.0,0.0,0.0,0.0,0.033,0.188,0.39,0.543,0.64,0.697,0.712,0.681,0.605,0.486,0.326,0.131,0.014,0.0,0.0,0.0,0.0,0.0,0.0
0.0,0.0,0.0,0.0,0.0,0.033,0.201,0.392,0.543,0.644,0.701,0.716,0.686,0.615,0.504,0.349,0.162,0.013,0.0,0.0,0.0,0.0,0.0,0.0
0.0,0.0,0.0,0.0,0.0,0.006,0.033,0.07,0.109,0.162,0.206,0.261,0.237,0.178,0.15,0.086,0.046,0.006,0.0,0.0,0.0,0.0,0.0,0.0
0.0,0.0,0.0,0.0,0.0,0.004,0.032,0.084,0.168,0.215,0.232,0.272,0.249,0.194,0.107,0.05,0.022,0.001,0.0,0.0,0.0,0.0,0.0,0.0
0.0,0.0,0.0,0.0,0.0,0.01,0.084,0.194,0.291,0.409,0.497,0.485,0.391,0.317,0.263,0.165,0.07,0.008,0.0,0.0,0.0,0.0,0.0,0.0
0.0,0.0,0.0,0.0,0.0,0.024,0.177,0.366,0.521,0.615,0.677,0.698,0.668,0.598,0.478,0.323,0.141,0.01,0.0,0.0,0.0,0.0,0.0,0.0
0.0,0.0,0.0,0.0,0.0,0.023,0.18,0.37,0.524,0.631,0.692,0.708,0.682,0.608,0.478,0.299,0.093,0.007,0.0,0.0,0.0,0.0,0.0,0.0
0.0,0.0,0.0,0.0,0.0,0.02,0.147,0.297,0.399,0.446,0.499,0.518,0.416,0.349,0.346,0.2,0.08,0.007,0.0,0.0,0.0,0.0,0.0,0.0
0.0,0.0,0.0,0.0,0.0,0.013,0.105,0.239,0.387,0.555,0.642,0.629,0.574,0.459,0.302,0.152,0.067,0.004,0.0,0.0,0.0,0.0,0.0,0.0
0.0,0.0,0.0,0.0,0.0,0.009,0.1,0.263,0.44,0.593,0.665,0.691,0.665,0.594,0.477,0.317,0.131,0.006,0.0,0.0,0.0,0.0,0.0,0.0
0.0,0.0,0.0,0.0,0.0,0.016,0.17,0.363,0.517,0.623,0.683,0.696,0.668,0.595,0.477,0.316,0.131,0.005,0.0,0.0,0.0,0.0,0.0,0.0
0.0,0.0,0.0,0.0,0.0,0.008,0.087,0.221,0.41,0.566,0.594,0.616,0.574,0.455,0.314,0.149,0.042,0.001,0.0,0.0,0.0,0.0,0.0,0.0
0.0,0.0,0.0,0.0,0.0,0.011,0.146,0.341,0.464,0.592,0.674,0.685,0.628,0.535,0.365,0.192,0.071,0.002,0.0,0.0,0.0,0.0,0.0,0.0
0.0,0.0,0.0,0.0,0.0,0.013,0.146,0.282,0.433,0.565,0.628,0.654,0.652,0.599,0.492,0.33,0.132,0.003,0.0,0.0,0.0,0.0,0.0,0.0
0.0,0.0,0.0,0.0,0.0,0.012,0.175,0.379,0.544,0.657,0.723,0.74,0.709,0.632,0.506,0.333,0.126,0.002,0.0,0.0,0.0,0.0,0.0,0.0
0.0,0.0,0.0,0.0,0.0,0.008,0.14,0.347,0.512,0.587,0.634,0.682,0.668,0.6,0.481,0.315,0.122,0.002,0.0,0.0,0.0,0.0,0.0,0.0
0.0,0.0,0.0,0.0,0.0,0.009,0.158,0.361,0.522,0.636,0.696,0.709,0.677,0.6,0.478,0.311,0.119,0.001,0.0,0.0,0.0,0.0,0.0,0.0
0.0,0.0,0.0,0.0,0.0,0.007,0.144,0.337,0.494,0.604,0.657,0.661,0.619,0.527,0.353,0.19,0.07,0.0,0.0,0.0,0.0,0.0,0.0,0.0
0.0,0.0,0.0,0.0,0.0,0.0,0.011,0.041,0.087,0.145,0.215,0.313,0.408,0.415,0.352,0.22,0.068,0.0,0.0,0.0,0.0,0.0,0.0,0.0
0.0,0.0,0.0,0.0,0.0,0.002,0.067,0.163,0.246,0.304,0.333,0.269,0.224,0.14,0.102,0.111,0.056,0.0,0.0,0.0,0.0,0.0,0.0,0.0
0.0,0.0,0.0,0.0,0.0,0.002,0.107,0.257,0.402,0.515,0.544,0.534,0.508,0.453,0.357,0.206,0.048,0.0,0.0,0.0,0.0,0.0,0.0,0.0
0.0,0.0,0.0,0.0,0.0,0.001,0.051,0.136,0.239,0.336,0.407,0.348,0.264,0.154,0.095,0.074,0.028,0.0,0.0,0.0,0.0,0.0,0.0,0.0
0.0,0.0,0.0,0.0,0.0,0.0,0.018,0.046,0.101,0.202,0.253,0.309,0.408,0.36,0.307,0.161,0.036,0.0,0.0,0.0,0.0,0.0,0.0,0.0
0.0,0.0,0.0,0.0,0.0,0.0,0.091,0.259,0.432,0.563,0.63,0.645,0.593,0.47,0.287,0.107,0.038,0.0,0.0,0.0,0.0,0.0,0.0,0.0
0.0,0.0,0.0,0.0,0.0,0.0,0.069,0.195,0.266,0.223,0.301,0.447,0.325,0.21,0.102,0.088,0.058,0.0,0.0,0.0,0.0,0.0,0.0,0.0
0.0,0.0,0.0,0.0,0.0,0.0,0.064,0.229,0.451,0.582,0.646,0.655,0.631,0.553,0.427,0.195,0.045,0.0,0.0,0.0,0.0,0.0,0.0,0.0
0.0,0.0,0.0,0.0,0.0,0.0,0.068,0.217,0.315,0.369,0.405,0.375,0.333,0.287,0.211,0.055,0.005,0.0,0.0,0.0,0.0,0.0,0.0,0.0
0.0,0.0,0.0,0.0,0.0,0.0,0.055,0.108,0.107,0.139,0.264,0.517,0.607,0.538,0.379,0.191,0.043,0.0,0.0,0.0,0.0,0.0,0.0,0.0
0.0,0.0,0.0,0.0,0.0,0.0,0.057,0.177,0.431,0.574,0.639,0.652,0.627,0.537,0.393,0.185,0.028,0.0,0.0,0.0,0.0,0.0,0.0,0.0
0.0,0.0,0.0,0.0,0.0,0.0,0.019,0.053,0.08,0.107,0.082,0.059,0.091,0.132,0.123,0.075,0.027,0.0,0.0,0.0,0.0,0.0,0.0,0.0
0.0,0.0,0.0,0.0,0.0,0.0,0.06,0.254,0.468,0.568,0.628,0.653,0.651,0.585,0.44,0.259,0.072,0.0,0.0,0.0,0.0,0.0,0.0,0.0
0.0,0.0,0.0,0.0,0.0,0.0,0.023,0.078,0.108,0.102,0.103,0.104,0.102,0.094,0.078,0.043,0.006,0.0,0.0,0.0,0.0,0.0,0.0,0.0
0.0,0.0,0.0,0.0,0.0,0.0,0.032,0.115,0.207,0.355,0.469,0.506,0.506,0.407,0.228,0.093,0.014,0.0,0.0,0.0,0.0,0.0,0.0,0.0
0.0,0.0,0.0,0.0,0.0,0.0,0.01,0.075,0.136,0.196,0.222,0.217,0.179,0.115,0.065,0.033,0.003,0.0,0.0,0.0,0.0,0.0,0.0,0.0
0.0,0.0,0.0,0.0,0.0,0.0,0.032,0.15,0.284,0.412,0.379,0.244,0.192,0.081,0.075,0.055,0.007,0.0,0.0,0.0,0.0,0.0,0.0,0.0
0.0,0.0,0.0,0.0,0.0,0.0,0.004,0.116,0.339,0.525,0.616,0.652,0.626,0.543,0.41,0.229,0.038,0.0,0.0,0.0,0.0,0.0,0.0,0.0
0.0,0.0,0.0,0.0,0.0,0.0,0.038,0.161,0.219,0.338,0.441,0.501,0.426,0.296,0.26,0.094,0.012,0.0,0.0,0.0,0.0,0.0,0.0,0.0
0.0,0.0,0.0,0.0,0.0,0.0,0.058,0.26,0.44,0.563,0.628,0.64,0.605,0.483,0.266,0.078,0.003,0.0,0.0,0.0,0.0,0.0,0.0,0.0
0.0,0.0,0.0,0.0,0.0,0.0,0.038,0.196,0.295,0.348,0.465,0.569,0.58,0.501,0.37,0.194,0.023,0.0,0.0,0.0,0.0,0.0,0.0,0.0
0.0,0.0,0.0,0.0,0.0,0.0,0.032,0.194,0.371,0.509,0.589,0.615,0.587,0.508,0.375,0.198,0.023,0.0,0.0,0.0,0.0,0.0,0.0,0.0
0.0,0.0,0.0,0.0,0.0,0.0,0.022,0.139,0.316,0.469,0.53,0.474,0.258,0.127,0.071,0.023,0.0,0.0,0.0,0.0,0.0,0.0,0.0,0.0
0.0,0.0,0.0,0.0,0.0,0.0,0.035,0.213,0.405,0.494,0.397,0.246,0.223,0.235,0.22,0.128,0.014,0.0,0.0,0.0,0.0,0.0,0.0,0.0
0.0,0.0,0.0,0.0,0.0,0.0,0.016,0.095,0.215,0.317,0.414,0.477,0.365,0.215,0.094,0.02,0.0,0.0,0.0,0.0,0.0,0.0,0.0,0.0
0.0,0.0,0.0,0.0,0.0,0.0,0.004,0.042,0.11,0.295,0.298,0.191,0.311,0.427,0.33,0.165,0.014,0.0,0.0,0.0,0.0,0.0,0.0,0.0
0.0,0.0,0.0,0.0,0.0,0.0,0.0,0.015,0.077,0.244,0.293,0.236,0.129,0.094,0.072,0.05,0.003,0.0,0.0,0.0,0.0,0.0,0.0,0.0
0.0,0.0,0.0,0.0,0.0,0.0,0.005,0.075,0.18,0.241,0.288,0.348,0.245,0.14,0.075,0.026,0.0,0.0,0.0,0.0,0.0,0.0,0.0,0.0
0.0,0.0,0.0,0.0,0.0,0.0,0.011,0.033,0.065,0.101,0.15,0.121,0.13,0.142,0.184,0.086,0.005,0.0,0.0,0.0,0.0,0.0,0.0,0.0
0.0,0.0,0.0,0.0,0.0,0.0,0.004,0.025,0.071,0.132,0.161,0.31,0.442,0.394,0.263,0.122,0.005,0.0,0.0,0.0,0.0,0.0,0.0,0.0
0.0,0.0,0.0,0.0,0.0,0.0,0.009,0.088,0.18,0.309,0.548,0.59,0.568,0.489,0.35,0.156,0.003,0.0,0.0,0.0,0.0,0.0,0.0,0.0
0.0,0.0,0.0,0.0,0.0,0.0,0.005,0.07,0.184,0.362,0.535,0.554,0.405,0.189,0.127,0.119,0.002,0.0,0.0,0.0,0.0,0.0,0.0,0.0
0.0,0.0,0.0,0.0,0.0,0.0,0.009,0.128,0.274,0.442,0.559,0.585,0.575,0.483,0.304,0.081,0.002,0.0,0.0,0.0,0.0,0.0,0.0,0.0
0.0,0.0,0.0,0.0,0.0,0.0,0.011,0.14,0.383,0.535,0.611,0.632,0.602,0.518,0.376,0.175,0.002,0.0,0.0,0.0,0.0,0.0,0.0,0.0
0.0,0.0,0.0,0.0,0.0,0.0,0.003,0.064,0.131,0.145,0.153,0.145,0.109,0.083,0.047,0.018,0.0,0.0,0.0,0.0,0.0,0.0,0.0,0.0
0.0,0.0,0.0,0.0,0.0,0.0,0.004,0.067,0.174,0.401,0.532,0.62,0.594,0.507,0.223,0.034,0.0,0.0,0.0,0.0,0.0,0.0,0.0,0.0
0.0,0.0,0.0,0.0,0.0,0.0,0.0,0.052,0.237,0.316,0.456,0.509,0.555,0.482,0.328,0.112,0.0,0.0,0.0,0.0,0.0,0.0,0.0,0.0
0.0,0.0,0.0,0.0,0.0,0.0,0.005,0.138,0.358,0.451,0.425,0.28,0.202,0.165,0.09,0.023,0.0,0.0,0.0,0.0,0.0,0.0,0.0,0.0
0.0,0.0,0.0,0.0,0.0,0.0,0.007,0.201,0.427,0.575,0.657,0.681,0.65,0.563,0.416,0.212,0.004,0.0,0.0,0.0,0.0,0.0,0.0,0.0
0.0,0.0,0.0,0.0,0.0,0.0,0.0,0.007,0.031,0.047,0.048,0.039,0.031,0.026,0.019,0.006,0.0,0.0,0.0,0.0,0.0,0.0,0.0,0.0
0.0,0.0,0.0,0.0,0.0,0.0,0.0,0.057,0.125,0.169,0.236,0.263,0.341,0.324,0.123,0.022,0.0,0.0,0.0,0.0,0.0,0.0,0.0,0.0
0.0,0.0,0.0,0.0,0.0,0.0,0.0,0.013,0.046,0.101,0.173,0.17,0.169,0.064,0.021,0.004,0.0,0.0,0.0,0.0,0.0,0.0,0.0,0.0
0.0,0.0,0.0,0.0,0.0,0.0,0.0,0.074,0.2,0.267,0.216,0.113,0.099,0.13,0.131,0.074,0.0,0.0,0.0,0.0,0.0,0.0,0.0,0.0
0.0,0.0,0.0,0.0,0.0,0.0,0.0,0.022,0.082,0.178,0.468,0.498,0.439,0.358,0.191,0.033,0.0,0.0,0.0,0.0,0.0,0.0,0.0,0.0
0.0,0.0,0.0,0.0,0.0,0.0,0.0,0.021,0.065,0.117,0.243,0.35,0.267,0.128,0.044,0.008,0.0,0.0,0.0,0.0,0.0,0.0,0.0,0.0
0.0,0.0,0.0,0.0,0.0,0.0,0.0,0.035,0.139,0.285,0.261,0.356,0.239,0.042,0.031,0.017,0.0,0.0,0.0,0.0,0.0,0.0,0.0,0.0
0.0,0.0,0.0,0.0,0.0,0.0,0.0,0.019,0.059,0.102,0.114,0.091,0.074,0.055,0.028,0.004,0.0,0.0,0.0,0.0,0.0,0.0,0.0,0.0
0.0,0.0,0.0,0.0,0.0,0.0,0.0,0.076,0.274,0.45,0.553,0.564,0.514,0.422,0.266,0.067,0.0,0.0,0.0,0.0,0.0,0.0,0.0,0.0
0.0,0.0,0.0,0.0,0.0,0.0,0.0,0.018,0.08,0.158,0.232,0.326,0.498,0.452,0.311,0.097,0.0,0.0,0.0,0.0,0.0,0.0,0.0,0.0
0.0,0.0,0.0,0.0,0.0,0.0,0.0,0.031,0.125,0.255,0.416,0.484,0.467,0.327,0.067,0.008,0.0,0.0,0.0,0.0,0.0,0.0,0.0,0.0
0.0,0.0,0.0,0.0,0.0,0.0,0.0,0.023,0.104,0.212,0.294,0.36,0.312,0.201,0.084,0.03,0.0,0.0,0.0,0.0,0.0,0.0,0.0,0.0
0.0,0.0,0.0,0.0,0.0,0.0,0.0,0.039,0.204,0.381,0.421,0.289,0.144,0.08,0.044,0.007,0.0,0.0,0.0,0.0,0.0,0.0,0.0,0.0
0.0,0.0,0.0,0.0,0.0,0.0,0.0,0.024,0.223,0.379,0.386,0.415,0.478,0.421,0.257,0.036,0.0,0.0,0.0,0.0,0.0,0.0,0.0,0.0
0.0,0.0,0.0,0.0,0.0,0.0,0.0,0.006,0.026,0.048,0.082,0.095,0.091,0.082,0.054,0.009,0.0,0.0,0.0,0.0,0.0,0.0,0.0,0.0
0.0,0.0,0.0,0.0,0.0,0.0,0.0,0.036,0.137,0.268,0.433,0.544,0.502,0.409,0.262,0.05,0.0,0.0,0.0,0.0,0.0,0.0,0.0,0.0
0.0,0.0,0.0,0.0,0.0,0.0,0.0,0.006,0.034,0.033,0.052,0.064,0.036,0.021,0.007,0.0,0.0,0.0,0.0,0.0,0.0,0.0,0.0,0.0
0.0,0.0,0.0,0.0,0.0,0.0,0.0,0.01,0.086,0.19,0.274,0.255,0.159,0.081,0.037,0.004,0.0,0.0,0.0,0.0,0.0,0.0,0.0,0.0
0.0,0.0,0.0,0.0,0.0,0.0,0.0,0.012,0.084,0.163,0.234,0.253,0.241,0.201,0.099,0.018,0.0,0.0,0.0,0.0,0.0,0.0,0.0,0.0
0.0,0.0,0.0,0.0,0.0,0.0,0.0,0.017,0.112,0.289,0.448,0.502,0.465,0.395,0.223,0.031,0.0,0.0,0.0,0.0,0.0,0.0,0.0,0.0
0.0,0.0,0.0,0.0,0.0,0.0,0.0,0.002,0.027,0.059,0.087,0.104,0.103,0.082,0.041,0.003,0.0,0.0,0.0,0.0,0.0,0.0,0.0,0.0
0.0,0.0,0.0,0.0,0.0,0.0,0.0,0.001,0.024,0.054,0.081,0.116,0.126,0.111,0.076,0.009,0.0,0.0,0.0,0.0,0.0,0.0,0.0,0.0
0.0,0.0,0.0,0.0,0.0,0.0,0.0,0.01,0.111,0.341,0.411,0.408,0.351,0.22,0.096,0.012,0.0,0.0,0.0,0.0,0.0,0.0,0.0,0.0
0.0,0.0,0.0,0.0,0.0,0.0,0.0,0.004,0.035,0.085,0.136,0.173,0.189,0.153,0.083,0.005,0.0,0.0,0.0,0.0,0.0,0.0,0.0,0.0
0.0,0.0,0.0,0.0,0.0,0.0,0.0,0.0,0.018,0.044,0.061,0.062,0.058,0.04,0.017,0.0,0.0,0.0,0.0,0.0,0.0,0.0,0.0,0.0
0.0,0.0,0.0,0.0,0.0,0.0,0.0,0.001,0.022,0.045,0.072,0.084,0.078,0.08,0.042,0.002,0.0,0.0,0.0,0.0,0.0,0.0,0.0,0.0
0.0,0.0,0.0,0.0,0.0,0.0,0.0,0.002,0.014,0.029,0.066,0.269,0.364,0.261,0.109,0.003,0.0,0.0,0.0,0.0,0.0,0.0,0.0,0.0
0.0,0.0,0.0,0.0,0.0,0.0,0.0,0.001,0.027,0.073,0.118,0.159,0.193,0.139,0.051,0.001,0.0,0.0,0.0,0.0,0.0,0.0,0.0,0.0
0.0,0.0,0.0,0.0,0.0,0.0,0.0,0.0,0.019,0.07,0.174,0.261,0.259,0.239,0.16,0.01,0.0,0.0,0.0,0.0,0.0,0.0,0.0,0.0
0.0,0.0,0.0,0.0,0.0,0.0,0.0,0.002,0.036,0.086,0.115,0.451,0.406,0.327,0.185,0.011,0.0,0.0,0.0,0.0,0.0,0.0,0.0,0.0
0.0,0.0,0.0,0.0,0.0,0.0,0.0,0.001,0.015,0.033,0.048,0.049,0.04,0.034,0.024,0.0,0.0,0.0,0.0,0.0,0.0,0.0,0.0,0.0
0.0,0.0,0.0,0.0,0.0,0.0,0.0,0.026,0.181,0.376,0.486,0.494,0.41,0.231,0.085,0.002,0.0,0.0,0.0,0.0,0.0,0.0,0.0,0.0
0.0,0.0,0.0,0.0,0.0,0.0,0.0,0.0,0.013,0.038,0.083,0.111,0.105,0.091,0.039,0.001,0.0,0.0,0.0,0.0,0.0,0.0,0.0,0.0
0.0,0.0,0.0,0.0,0.0,0.0,0.0,0.028,0.209,0.413,0.526,0.557,0.524,0.424,0.249,0.013,0.0,0.0,0.0,0.0,0.0,0.0,0.0,0.0
0.0,0.0,0.0,0.0,0.0,0.0,0.0,0.01,0.098,0.301,0.403,0.496,0.511,0.407,0.218,0.008,0.0,0.0,0.0,0.0,0.0,0.0,0.0,0.0
0.0,0.0,0.0,0.0,0.0,0.0,0.0,0.001,0.03,0.072,0.109,0.13,0.114,0.071,0.021,0.0,0.0,0.0,0.0,0.0,0.0,0.0,0.0,0.0
0.0,0.0,0.0,0.0,0.0,0.0,0.0,0.0,0.017,0.051,0.147,0.19,0.226,0.175,0.1,0.001,0.0,0.0,0.0,0.0,0.0,0.0,0.0,0.0
0.0,0.0,0.0,0.0,0.0,0.0,0.0,0.0,0.022,0.04,0.032,0.022,0.021,0.011,0.002,0.0,0.0,0.0,0.0,0.0,0.0,0.0,0.0,0.0
0.0,0.0,0.0,0.0,0.0,0.0,0.0,0.0,0.022,0.032,0.077,0.103,0.062,0.059,0.032,0.0,0.0,0.0,0.0,0.0,0.0,0.0,0.0,0.0
0.0,0.0,0.0,0.0,0.0,0.0,0.0,0.0,0.03,0.079,0.229,0.428,0.41,0.22,0.077,0.001,0.0,0.0,0.0,0.0,0.0,0.0,0.0,0.0
0.0,0.0,0.0,0.0,0.0,0.0,0.0,0.0,0.01,0.022,0.029,0.029,0.024,0.011,0.002,0.0,0.0,0.0,0.0,0.0,0.0,0.0,0.0,0.0
0.0,0.0,0.0,0.0,0.0,0.0,0.0,0.0,0.021,0.054,0.076,0.079,0.087,0.099,0.042,0.0,0.0,0.0,0.0,0.0,0.0,0.0,0.0,0.0
0.0,0.0,0.0,0.0,0.0,0.0,0.0,0.0,0.006,0.014,0.023,0.037,0.042,0.045,0.019,0.0,0.0,0.0,0.0,0.0,0.0,0.0,0.0,0.0
0.0,0.0,0.0,0.0,0.0,0.0,0.0,0.0,0.088,0.176,0.168,0.188,0.23,0.229,0.107,0.0,0.0,0.0,0.0,0.0,0.0,0.0,0.0,0.0
0.0,0.0,0.0,0.0,0.0,0.0,0.0,0.0,0.022,0.079,0.099,0.084,0.071,0.048,0.018,0.0,0.0,0.0,0.0,0.0,0.0,0.0,0.0,0.0
0.0,0.0,0.0,0.0,0.0,0.0,0.0,0.0,0.033,0.049,0.084,0.09,0.094,0.072,0.028,0.0,0.0,0.0,0.0,0.0,0.0,0.0,0.0,0.0
0.0,0.0,0.0,0.0,0.0,0.0,0.0,0.004,0.122,0.277,0.316,0.364,0.283,0.167,0.053,0.0,0.0,0.0,0.0,0.0,0.0,0.0,0.0,0.0
0.0,0.0,0.0,0.0,0.0,0.0,0.0,0.0,0.032,0.066,0.104,0.136,0.153,0.121,0.048,0.0,0.0,0.0,0.0,0.0,0.0,0.0,0.0,0.0
0.0,0.0,0.0,0.0,0.0,0.0,0.0,0.0,0.026,0.072,0.133,0.137,0.126,0.094,0.04,0.0,0.0,0.0,0.0,0.0,0.0,0.0,0.0,0.0
0.0,0.0,0.0,0.0,0.0,0.0,0.0,0.0,0.017,0.044,0.051,0.038,0.029,0.014,0.002,0.0,0.0,0.0,0.0,0.0,0.0,0.0,0.0,0.0
0.0,0.0,0.0,0.0,0.0,0.0,0.0,0.0,0.022,0.062,0.106,0.192,0.275,0.219,0.074,0.0,0.0,0.0,0.0,0.0,0.0,0.0,0.0,0.0
0.0,0.0,0.0,0.0,0.0,0.0,0.0,0.002,0.074,0.087,0.07,0.061,0.056,0.053,0.021,0.0,0.0,0.0,0.0,0.0,0.0,0.0,0.0,0.0
0.0,0.0,0.0,0.0,0.0,0.0,0.0,0.0,0.015,0.06,0.11,0.119,0.117,0.08,0.027,0.0,0.0,0.0,0.0,0.0,0.0,0.0,0.0,0.0
0.0,0.0,0.0,0.0,0.0,0.0,0.0,0.0,0.01,0.026,0.006,0.012,0.034,0.079,0.035,0.0,0.0,0.0,0.0,0.0,0.0,0.0,0.0,0.0
0.0,0.0,0.0,0.0,0.0,0.0,0.0,0.0,0.033,0.066,0.086,0.104,0.127,0.118,0.062,0.0,0.0,0.0,0.0,0.0,0.0,0.0,0.0,0.0
0.0,0.0,0.0,0.0,0.0,0.0,0.0,0.0,0.026,0.072,0.127,0.106,0.065,0.029,0.005,0.0,0.0,0.0,0.0,0.0,0.0,0.0,0.0,0.0
0.0,0.0,0.0,0.0,0.0,0.0,0.0,0.0,0.025,0.097,0.203,0.302,0.314,0.22,0.091,0.0,0.0,0.0,0.0,0.0,0.0,0.0,0.0,0.0
0.0,0.0,0.0,0.0,0.0,0.0,0.0,0.008,0.159,0.393,0.522,0.545,0.509,0.392,0.196,0.003,0.0,0.0,0.0,0.0,0.0,0.0,0.0,0.0
0.0,0.0,0.0,0.0,0.0,0.0,0.0,0.003,0.047,0.094,0.243,0.498,0.351,0.172,0.132,0.001,0.0,0.0,0.0,0.0,0.0,0.0,0.0,0.0
0.0,0.0,0.0,0.0,0.0,0.0,0.0,0.012,0.202,0.405,0.507,0.531,0.439,0.278,0.117,0.001,0.0,0.0,0.0,0.0,0.0,0.0,0.0,0.0
0.0,0.0,0.0,0.0,0.0,0.0,0.0,0.002,0.066,0.143,0.149,0.124,0.11,0.075,0.026,0.0,0.0,0.0,0.0,0.0,0.0,0.0,0.0,0.0
